{"cameraMode":{"drawMode":0,"name":"Shaded","section":"Shading Mode"},"sceneLighting":false,"audioPlay":false,"sceneViewState":{"showFog":true,"showMaterialUpdate":false,"showSkybox":false,"showFlares":true,"showImageEffects":true,"showParticleSystems":true},"in2DMode":false,"pivot":{"x":31.976346969604493,"y":0.8016924858093262,"z":51.45492172241211},"rotation":{"x":-0.41184547543525698,"y":-0.011750798672437668,"z":0.005352586042135954,"w":-0.9112011790275574},"size":0.8660265207290649,"orthographic":false}