{"cameraMode":{"drawMode":0,"name":"Shaded","section":"Shading Mode"},"sceneLighting":true,"audioPlay":false,"sceneViewState":{"showFog":true,"showMaterialUpdate":false,"showSkybox":true,"showFlares":true,"showImageEffects":true,"showParticleSystems":true},"in2DMode":false,"pivot":{"x":-10.406000137329102,"y":0.8887262344360352,"z":84.57241821289063},"rotation":{"x":0.24453400075435639,"y":0.6542139649391174,"z":-0.2368791699409485,"w":0.6753527522087097},"size":0.9760180115699768,"orthographic":true}