{"cameraMode":{"drawMode":0,"name":"Shaded","section":"Shading Mode"},"sceneLighting":false,"audioPlay":false,"sceneViewState":{"showFog":true,"showMaterialUpdate":false,"showSkybox":false,"showFlares":true,"showImageEffects":true,"showParticleSystems":true},"in2DMode":false,"pivot":{"x":-16.17177391052246,"y":96.01163482666016,"z":-65.92420196533203},"rotation":{"x":0.24453400075435639,"y":0.6542139649391174,"z":-0.2368791699409485,"w":0.6753527522087097},"size":1.2795898914337159,"orthographic":true}