{"cameraMode":{"drawMode":0,"name":"Shaded","section":"Shading Mode"},"sceneLighting":false,"audioPlay":false,"sceneViewState":{"showFog":true,"showMaterialUpdate":false,"showSkybox":false,"showFlares":true,"showImageEffects":true,"showParticleSystems":true},"in2DMode":false,"pivot":{"x":0.35953694581985476,"y":16.206506729125978,"z":-44.49995422363281},"rotation":{"x":-0.41184547543525698,"y":-0.011750798672437668,"z":0.005352586042135954,"w":-0.9112011790275574},"size":5.699392318725586,"orthographic":false}