{"cameraMode":{"drawMode":0,"name":"Shaded","section":"Shading Mode"},"sceneLighting":false,"audioPlay":false,"sceneViewState":{"showFog":true,"showMaterialUpdate":false,"showSkybox":false,"showFlares":true,"showImageEffects":true,"showParticleSystems":true},"in2DMode":false,"pivot":{"x":0.09827423095703125,"y":-1.1861004829406739,"z":-13.821122169494629},"rotation":{"x":-0.07740691304206848,"y":-0.8072723150253296,"z":0.1086629256606102,"w":-0.5749673843383789},"size":16.347858428955079,"orthographic":false}