{"cameraMode":{"drawMode":0,"name":"Shaded","section":"Shading Mode"},"sceneLighting":false,"audioPlay":false,"sceneViewState":{"showFog":true,"showMaterialUpdate":false,"showSkybox":false,"showFlares":true,"showImageEffects":true,"showParticleSystems":true},"in2DMode":false,"pivot":{"x":34.955322265625,"y":0.9775214791297913,"z":49.18695068359375},"rotation":{"x":-0.20950274169445039,"y":0.062438979744911197,"z":-0.013422084040939808,"w":-0.9757420420646668},"size":488.13787841796877,"orthographic":false}