{"cameraMode":{"drawMode":0,"name":"Shaded","section":"Shading Mode"},"sceneLighting":false,"audioPlay":false,"sceneViewState":{"showFog":true,"showMaterialUpdate":false,"showSkybox":false,"showFlares":true,"showImageEffects":true,"showParticleSystems":true},"in2DMode":false,"pivot":{"x":0.03343188762664795,"y":15.580759048461914,"z":-24.600000381469728},"rotation":{"x":-0.41184547543525698,"y":-0.011750798672437668,"z":0.005352586042135954,"w":-0.9112011790275574},"size":3.5892508029937746,"orthographic":false}