{"cameraMode":{"drawMode":0,"name":"Shaded","section":"Shading Mode"},"sceneLighting":false,"audioPlay":false,"sceneViewState":{"showFog":true,"showMaterialUpdate":false,"showSkybox":false,"showFlares":true,"showImageEffects":true,"showParticleSystems":true},"in2DMode":false,"pivot":{"x":-1.2234318256378174,"y":5.201405048370361,"z":2.13419246673584},"rotation":{"x":0.24453400075435639,"y":0.6542139649391174,"z":-0.2368791699409485,"w":0.6753527522087097},"size":0.8660253882408142,"orthographic":true}